flake_id,first_name,last_name,email,postcode,subscriber_id,created_date
6977343,"Gerhardt","Allcorn",gallcorn0@apache.org,0800,47329,1587888718000
6521140,"Nate","Gubbins",ngubbins1@toplist.cz,3000,45076,1590383364000
6550440,"Irita","Labdon",ilabdon2@utexas.edu,4000,43047,1607126936000
6947542,"Jeddy","Spicer",jspicer3@businesswire.com,2000,41804,1603107067000
6518653,"Paule","Acton",pacton4@elpais.com,5000,43789,1602659152000
6797462,"Brok","Levins",blevins5@ask.com,5000,49360,1604551016000
6676995,"Miller","Pirdue",mpirdue6@hatena.ne.jp,2000,47558,1605380874000
6318698,"Lamond","Foxley",lfoxley7@ted.com,2600,40414,1600239531000
6695946,"Flory","Romanetti",fromanetti8@arstechnica.com,2000,42392,1579768094000
6017266,"Aurelie","Purdon",apurdon9@prweb.com,7000,45343,1608875694000
6626720,"Dinah","Franscioni",dfranscionia@admin.ch,3000,46464,1583290101000
6049354,"Verla","MacFarlane",vmacfarlaneb@feedburner.com,2000,45483,1599487716000
6793871,"Stephannie","Goldberg",sgoldbergc@discovery.com,4000,40244,1578663380000
6658793,"Monty","Torbard",mtorbardd@cdc.gov,2000,40942,1607145804000
6476471,"Leandra","Janczak",ljanczake@adobe.com,3000,43254,1589578803000
6743525,"Honoria","Pitfield",hpitfieldf@europa.eu,5000,46461,1604024238000
6949972,"Danyelle","Bernaert",dbernaertg@edublogs.org,2000,42424,1581717895000
6403230,"Marti","Grinham",mgrinhamh@dailymotion.com,6000,42766,1604557007000
6944362,"Godfrey","Scamadine",gscamadinei@hhs.gov,4000,46492,1608692447000
6232767,"Janith","Bonsul",jbonsulj@msn.com,2000,45811,1582425561000
6870563,"Mercie","Splevin",msplevink@digg.com,3000,44958,1587334401000
6392431,"Langsdon","Panichelli",lpanichellil@xrea.com,0800,41669,1580930525000
6202608,"Corissa","Abbay",cabbaym@woothemes.com,4000,45555,1585203276000
6109615,"Maxwell","Battle",mbattlen@simplemachines.org,7000,41866,1583921119000
6874637,"Jessa","Hallbird",jhallbirdo@reverbnation.com,2000,48539,1590465213000
6667265,"Koressa","Haker",khakerp@accuweather.com,2000,46227,1586411943000
6162032,"Abagael","Gutcher",agutcherq@washington.edu,2000,46967,1604251764000
6094122,"Gaven","McLarnon",gmclarnonr@mashable.com,4000,49598,1603839827000
6424013,"Annnora","Curran",acurrans@businessinsider.com,2000,49575,1606817458000
6651682,"Munroe","Antoniat",mantoniatt@nytimes.com,5000,42709,1608797986000
6449026,"Egon","Heare",eheareu@behance.net,4000,42137,1587354907000
6755779,"Joyann","Chaves",jchavesv@ca.gov,4000,40392,1606552885000
6100442,"Debee","Coot",dcootw@infoseek.co.jp,2000,47574,1608021917000
6168962,"Jordon","Gookey",jgookeyx@plala.or.jp,3000,41137,1607550009000
6223166,"Enrique","Sainte Paul",esaintepauly@ucoz.com,4000,48101,1592280581000
6853611,"Leda","Bergin",lberginz@cyberchimps.com,3000,48427,1587352343000
6556127,"Rochette","Morecombe",rmorecombe10@mayoclinic.com,4000,40168,1601699985000
6867266,"Aristotle","Maslin",amaslin11@state.gov,4000,43930,1587417612000
6661173,"Briny","De Filippo",bdefilippo12@chron.com,2000,42996,1584074457000
6115782,"Larry","Dood",ldood13@google.de,2000,42077,1590384231000
6578788,"Eadith","Poznan",epoznan14@upenn.edu,2000,48186,1588513037000
6060714,"Talbert","Belward",tbelward15@tripod.com,4000,44101,1591300151000
6559527,"Rubi","Monte",rmonte16@shop-pro.jp,3000,49510,1582695247000
6460870,"Selby","Mears",smears17@statcounter.com,6000,48308,1593453641000
6616038,"Sax","Titterrell",stitterrell18@clickbank.net,2000,46926,1607027778000
6258522,"Valeria","Gavaran",vgavaran19@csmonitor.com,2000,45161,1605390480000
6996418,"Gwenni","Kilgallen",gkilgallen1a@vistaprint.com,0800,41788,1578046417000
6413160,"Noemi","Plaunch",nplaunch1b@merriam-webster.com,2000,41540,1590942913000
6115612,"Avigdor","Tiptaft",atiptaft1c@forbes.com,4000,40426,1579622901000
6036304,"Illa","Asbury",iasbury1d@elpais.com,4000,44113,1605192072000
6193513,"Rhoda","Ewart",rewart1e@shinystat.com,2000,48796,1589455955000
6325530,"Amara","Panas",apanas1f@pen.io,2000,49251,1609096326000
6211988,"Zarla","Core",zcore1g@google.co.uk,7000,49994,1586044338000
6698850,"Levin","Cressor",lcressor1h@state.tx.us,2000,47789,1600454142000
6683991,"Bil","Cattell",bcattell1i@omniture.com,4000,43364,1608629057000
6494123,"Amandy","Breissan",abreissan1j@dyndns.org,3000,42518,1588142637000
6451860,"Susanne","Sopp",ssopp1k@cnbc.com,4000,43220,1579303865000
6868539,"Joseph","Cooksley",jcooksley1l@odnoklassniki.ru,4000,43234,1582744659000
6028892,"Grata","Figg",gfigg1m@nationalgeographic.com,3000,48356,1608004740000
6073806,"Elisha","Pahler",epahler1n@wisc.edu,2600,40037,1607880657000
6937312,"Hubey","Cuschieri",hcuschieri1o@lycos.com,2000,46911,1596760598000
6813571,"Darrelle","Flanigan",dflanigan1p@huffingtonpost.com,3000,46788,1600267298000
6230644,"Kellsie","Dantesia",kdantesia1q@accuweather.com,6000,46185,1583025540000
6763240,"Reid","Cumberlidge",rcumberlidge1r@hao123.com,4000,48597,1596802091000
6638924,"Michell","Karus",mkarus1s@prweb.com,2000,42670,1580881406000
6121445,"Lucia","Gilmore",lgilmore1t@cocolog-nifty.com,2600,44955,1605576872000
6463202,"Karl","Prall",kprall1u@blogtalkradio.com,2000,46748,1604063968000
6842890,"Tommie","Clemon",tclemon1v@macromedia.com,3000,41584,1604823019000
6984792,"Phil","Condon",pcondon1w@telegraph.co.uk,2000,40289,1586932157000
6028665,"Torrin","O' Shea",toshea1x@privacy.gov.au,3000,45456,1607236683000
6248660,"Dorella","Ritchard",dritchard1y@pinterest.com,0800,48708,1589644102000
6523344,"Alvy","Pochon",apochon1z@wikia.com,2000,48389,1601218512000
6503444,"Keriann","Ringwood",kringwood20@sbwire.com,2000,46898,1580069250000
6959973,"Donnajean","Sprules",dsprules21@alexa.com,3000,48824,1605656668000
6508103,"Adham","Windridge",awindridge22@buzzfeed.com,3000,40111,1600381490000
6978680,"Bambie","Orsi",borsi23@hexun.com,2000,45203,1608497897000
6210230,"Kimball","Tolmie",ktolmie24@eepurl.com,3000,40700,1605971977000
6010998,"Anton","Dunaway",adunaway25@rakuten.co.jp,2000,45155,1609345220000
6149257,"Gerianna","Millington",gmillington26@earthlink.net,6000,40051,1585648832000
6302073,"Nicolis","Gillon",ngillon27@hubpages.com,6000,40887,1593871215000
6209604,"Wallis","Harses",wharses28@mysql.com,3000,44907,1603326667000
6894230,"Rubetta","Cressey",rcressey29@jimdo.com,2000,45228,1592909282000
6608819,"Torrence","Seldner",tseldner2a@weebly.com,4000,49513,1601991167000
6349433,"Tabbi","Antrack",tantrack2b@godaddy.com,4000,43529,1607715268000
6678582,"Lewie","Bott",lbott2c@sciencedirect.com,7000,43090,1592720919000
6558134,"Berty","Curteis",bcurteis2d@addtoany.com,2600,46737,1579122450000
6640288,"Crin","Vasenin",cvasenin2e@storify.com,6000,46356,1582629628000
6679520,"Hallie","O'Halleghane",hohalleghane2f@over-blog.com,2000,45137,1591933152000
6710118,"Bamby","Kittley",bkittley2g@sitemeter.com,3000,46037,1591118392000
6927474,"Violante","Sumpter",vsumpter2h@example.com,0800,47016,1603802984000
6986801,"Corissa","Percifull",cpercifull2i@samsung.com,2000,49321,1598005919000
6502807,"Kilian","Burnhard",kburnhard2j@qq.com,4000,46491,1593204984000
6212810,"Daffy","Oldford",doldford2k@jugem.jp,2000,46531,1596368653000
6919099,"Tybalt","Knighton",tknighton2l@yellowpages.com,6000,41268,1581844699000
6285583,"Leola","Beecheno",lbeecheno2m@mtv.com,2000,42473,1585664129000
6895617,"Brianna","McSwan",bmcswan2n@sohu.com,6000,40367,1604995087000
6898523,"Zane","Picknett",zpicknett2o@yahoo.com,2000,44575,1580665122000
6037426,"Christoper","Catt",ccatt2p@economist.com,2000,41112,1608936069000
6267957,"Rik","Cheverton",rcheverton2q@miibeian.gov.cn,0800,40297,1599530235000
6728750,"Fredrick","Jones",fjones2r@bing.com,5000,45744,1578549904000
6750793,"Helsa","Giametti",hgiametti2s@guardian.co.uk,3000,49293,1598758594000
6342847,"Ronna","Scowcraft",rscowcraft2t@macromedia.com,4000,42669,1590692762000
6194264,"Iona","Camidge",icamidge2u@parallels.com,3000,43563,1589117301000
6208192,"Teresita","Cavet",tcavet2v@ucla.edu,2000,46983,1588360140000
6977533,"Moira","Fanshawe",mfanshawe2w@home.pl,2000,41738,1580237428000
6336913,"Ema","Martusov",emartusov2x@goo.ne.jp,0800,46537,1586037544000
6619016,"Dorothy","Alldritt",dalldritt2y@army.mil,4000,44117,1593468824000
6518636,"Colver","Archard",carchard2z@jiathis.com,4000,47832,1590035307000
6378375,"Angelico","Ayars",aayars30@bandcamp.com,7000,44692,1607346210000
6962403,"Langston","Asson",lasson31@bluehost.com,4000,41295,1593026063000
6330504,"Logan","Jumel",ljumel32@topsy.com,7000,49166,1588199167000
6969172,"Callean","Schubart",cschubart33@purevolume.com,2000,47931,1598499210000
6032382,"Wolf","Poll",wpoll34@usnews.com,2000,46343,1600178113000
6814465,"Brook","Case",bcase35@springer.com,2000,45259,1609355386000
6898924,"Lucita","Bonnor",lbonnor36@simplemachines.org,2000,45895,1603623626000
6143651,"Den","Caswell",dcaswell37@wordpress.org,4000,42209,1599502120000
6455068,"Anette","Gallant",agallant38@angelfire.com,7000,46008,1596754750000
6608178,"Marissa","Cooley",mcooley39@epa.gov,2000,47993,1595152349000
6386422,"Gina","Heistermann",gheistermann3a@google.nl,2600,48573,1587107251000
6794948,"Breena","Edgeson",bedgeson3b@dagondesign.com,2000,48740,1609252372000
6531850,"Hartwell","Breckwell",hbreckwell3c@netvibes.com,3000,48036,1598799817000
6610417,"Marja","Tatteshall",mtatteshall3d@ebay.co.uk,0800,42095,1593757229000
6458271,"Lynnett","Bacon",lbacon3e@ifeng.com,0800,41950,1581148564000
6390446,"Pammy","Crookes",pcrookes3f@tinyurl.com,2600,40027,1587989870000
6519596,"Cornelius","Union",cunion3g@ucla.edu,4000,45221,1605690616000
6868310,"Igor","Mennithorp",imennithorp3h@google.com.au,3000,42501,1593778744000
6564774,"Timmie","Paddington",tpaddington3i@cdc.gov,3000,42453,1599586813000
6212720,"Ruthie","Bohler",rbohler3j@jimdo.com,3000,43727,1605145060000
6175098,"Gottfried","Jurgensen",gjurgensen3k@lycos.com,2000,40617,1584739712000
6629600,"Somerset","Mallatratt",smallatratt3l@unblog.fr,7000,48134,1584926552000
6743742,"Sidnee","Simukov",ssimukov3m@webs.com,2000,43702,1607733511000
6995049,"Kendricks","Higginbottam",khigginbottam3n@de.vu,3000,48645,1579325567000
6569173,"Mallorie","O'Scannill",moscannill3o@amazonaws.com,4000,46898,1581592588000
6064741,"Joel","Luther",jluther3p@fema.gov,4000,40385,1608688037000
6477994,"Lucita","Keasley",lkeasley3q@fastcompany.com,4000,41715,1586434125000
6784110,"Travers","Mathissen",tmathissen3r@deviantart.com,2000,40964,1609239172000
6316705,"Dore","Thonger",dthonger3s@abc.net.au,3000,41953,1578891153000
6235305,"Walsh","Burgne",wburgne3t@tripod.com,5000,45481,1593995908000
6137866,"Alric","Martugin",amartugin3u@ucla.edu,2000,49741,1594180440000
6350525,"Nessa","Lucien",nlucien3v@fda.gov,7000,45303,1590915898000
6237858,"Hunter","Ambrosetti",hambrosetti3w@disqus.com,2000,44021,1589432583000
6162216,"Ruthann","Pirrie",rpirrie3x@weather.com,4000,48961,1580734143000
6655457,"Edan","Fosken",efosken3y@yahoo.com,7000,43015,1588384023000
6642928,"Joella","Doddemeade",jdoddemeade3z@vistaprint.com,7000,49686,1584077904000
6844873,"Caroljean","McAlinion",cmcalinion40@hexun.com,5000,40659,1606877786000
6566734,"Leeann","Yetman",lyetman41@apple.com,2000,44656,1593612741000
6847883,"Melvyn","Dumingo",mdumingo42@about.me,2000,49199,1587802033000
6328628,"Renell","Geoghegan",rgeoghegan43@is.gd,2000,48016,1583162968000
6013133,"Hermann","Becken",hbecken44@apple.com,3000,47505,1579679912000
6723352,"Dannel","Klauber",dklauber45@drupal.org,0800,42975,1589025881000
6272483,"Virge","Lauks",vlauks46@time.com,2000,42906,1591765079000
6026848,"Alvan","Jagiela",ajagiela47@e-recht24.de,4000,42364,1589599521000
6895590,"Harley","Aucott",haucott48@home.pl,2000,49287,1591992609000
6690613,"Frederica","Aitken",faitken49@hc360.com,5000,41467,1587744708000
6392215,"Danella","Mullarkey",dmullarkey4a@wikispaces.com,4000,42000,1579752524000
6802508,"Ranee","Radleigh",rradleigh4b@ft.com,4000,41813,1591638068000
6145260,"Cherianne","Briscoe",cbriscoe4c@ocn.ne.jp,3000,47795,1584242780000
6815050,"Willey","Echallie",wechallie4d@blog.com,5000,42062,1593659893000
6462513,"Johnna","Kidby",jkidby4e@ycombinator.com,6000,42839,1598593487000
6866105,"Vinny","Wroth",vwroth4f@answers.com,5000,48199,1586115381000
6352233,"Napoleon","Corradino",ncorradino4g@hugedomains.com,2000,45015,1605610773000
6617878,"Dorry","Pryce",dpryce4h@hibu.com,2000,40606,1598658739000
6336391,"Yves","Drohan",ydrohan4i@umn.edu,2600,47991,1596161819000
6786278,"Rhonda","McIlveen",rmcilveen4j@harvard.edu,2000,41786,1589816267000
6377740,"Jerrie","Meaton",jmeaton4k@bravesites.com,3000,42675,1589793639000
6759563,"Barbi","Arnet",barnet4l@mail.ru,2000,41263,1608674802000
6175708,"Ivie","Peeke-Vout",ipeekevout4m@whitehouse.gov,2000,41323,1589466626000
6550942,"Julietta","Campanelli",jcampanelli4n@e-recht24.de,6000,43640,1588960587000
6551497,"Robina","McCurdy",rmccurdy4o@gov.uk,0800,40506,1582535778000
6571373,"Sarajane","Tather",stather4p@engadget.com,2000,49802,1585804297000
6038848,"Brody","Jeynes",bjeynes4q@cloudflare.com,2000,40181,1604731371000
6035112,"Keslie","Fearnall",kfearnall4r@oaic.gov.au,2600,41001,1584739114000
6197586,"Ingeberg","Pennicott",ipennicott4s@state.tx.us,6000,48145,1591155255000
6463254,"Eulalie","Benedyktowicz",ebenedyktowicz4t@hao123.com,3000,42632,1599011358000
6900545,"Gilbert","Chestney",gchestney4u@buzzfeed.com,2000,47184,1598003923000
6982906,"Maxim","Albion",malbion4v@myspace.com,6000,41301,1599981042000
6570321,"Rolf","Haggarty",rhaggarty4w@sohu.com,2000,40330,1604906361000
6272995,"Bendite","Yeell",byeell4x@themeforest.net,7000,43799,1587056562000
6179578,"Vanya","Danilin",vdanilin4y@tamu.edu,6000,46720,1581706443000
6608110,"Shaun","Philippe",sphilippe4z@nationalgeographic.com,2000,42152,1589190942000
6900146,"Arie","Wheal",awheal50@mysql.com,3000,42716,1607461838000
6233800,"Lilias","Dine-Hart",ldinehart51@1688.com,2000,48182,1606212827000
6461017,"Howard","Sivell",hsivell52@eventbrite.com,7000,49575,1587285538000
6773771,"Camella","Laborda",claborda53@cmu.edu,2000,43586,1598170207000
6312931,"Barbara-anne","Bouch",bbouch54@opensource.org,6000,45812,1608263043000
6071647,"Kerry","Letherbury",kletherbury55@shareasale.com,2000,47882,1605953753000
6516161,"Yetta","Bergen",ybergen56@cbslocal.com,3000,44530,1597019105000
6784550,"Adorne","Pipe",apipe57@dedecms.com,2000,45781,1606730500000
6072824,"Gearard","Edscer",gedscer58@dropbox.com,2600,43862,1597378797000
6185729,"Larina","Currum",lcurrum59@google.ru,2000,47893,1585792596000
6045127,"Eal","Siccombe",esiccombe5a@usnews.com,3000,43750,1582665824000
6062719,"Ardra","Pfeuffer",apfeuffer5b@tripadvisor.com,3000,40770,1592765812000
6167979,"Geoffry","Baroch",gbaroch5c@dion.ne.jp,3000,41502,1606744925000
6032457,"Paddie","Giurio",pgiurio5d@telegraph.co.uk,2000,41807,1580756505000
6331805,"Trisha","Tommaseo",ttommaseo5e@istockphoto.com,3000,42824,1605521615000
6033216,"Lauryn","Zienkiewicz",lzienkiewicz5f@wiley.com,4000,40276,1603518558000
6636662,"Gavra","Dignam",gdignam5g@nhs.uk,3000,47451,1602656854000
6748901,"Eleonora","McPhelimey",emcphelimey5h@google.ca,2000,44216,1578571431000
6647467,"Sally","Swindon",sswindon5i@issuu.com,2600,48153,1581900274000
6916172,"Grata","Adrianello",gadrianello5j@shutterfly.com,2000,48812,1605852752000
6756428,"Jammie","Blitzer",jblitzer5k@csmonitor.com,3000,48822,1606647270000
6143392,"Allx","Dyte",adyte5l@scientificamerican.com,2000,41525,1581554704000
6069027,"Karee","Comettoi",kcomettoi5m@webnode.com,7000,41602,1598283457000
6811253,"Lillis","Kuna",lkuna5n@last.fm,2000,42874,1589525049000
6756870,"Kev","McKag",kmckag5o@woothemes.com,3000,43686,1600438812000
6933796,"Inna","Dossit",idossit5p@aboutads.info,7000,40806,1597561484000
6871328,"Joby","Helliker",jhelliker5q@aol.com,3000,41920,1604977012000
6515896,"Samson","Tyrwhitt",styrwhitt5r@ebay.co.uk,4000,43160,1578497640000
6185781,"Melly","Gocher",mgocher5s@dell.com,5000,44173,1600011584000
6975640,"Roxane","Marcome",rmarcome5t@instagram.com,3000,40743,1588032926000
6992035,"Teresita","Dean",tdean5u@spotify.com,3000,49928,1604817877000
6283389,"Michal","Spivey",mspivey5v@123-reg.co.uk,3000,42149,1594387788000
6947395,"Guglielmo","Lindenbaum",glindenbaum5w@comcast.net,4000,46716,1603834203000
6559719,"Jimmy","Endean",jendean5x@loc.gov,3000,47948,1582917928000
6788345,"Kaiser","Sketch",ksketch5y@canalblog.com,2000,49081,1601799112000
6087472,"Terri","Tebboth",ttebboth5z@sfgate.com,0800,46148,1591895000000
6816065,"Quint","Jordi",qjordi60@zimbio.com,2000,41707,1590474932000
6463305,"Caitrin","Sutherley",csutherley61@woothemes.com,2600,43690,1591245766000
6723802,"Thurstan","Cotelard",tcotelard62@acquirethisname.com,2000,42667,1604730730000
6777160,"Amabel","Coy",acoy63@ovh.net,3000,43113,1608426373000
6042110,"Jenilee","Filisov",jfilisov64@sitemeter.com,5000,45348,1604740397000
6102427,"Trish","O' Byrne",tobyrne65@stanford.edu,7000,41495,1602244602000
6616286,"Cathy","Hessel",chessel66@smh.com.au,4000,46091,1597002026000
6821958,"Goran","Bramah",gbramah67@bluehost.com,7000,49453,1595968745000
6976674,"Hertha","Kenney",hkenney68@jugem.jp,2000,44158,1599611101000
6769997,"Albina","Bushell",abushell69@nymag.com,3000,44921,1609307109000
6914784,"Leontine","Ferrucci",lferrucci6a@is.gd,6000,45425,1593342581000
6506757,"Reidar","Tideswell",rtideswell6b@angelfire.com,5000,49921,1596365976000
6339465,"Cherry","Janacek",cjanacek6c@paypal.com,5000,43190,1592778877000
6719495,"Bernette","Dellenbroker",bdellenbroker6d@senate.gov,2000,40720,1579957564000
6424247,"Leighton","Riccardini",lriccardini6e@squarespace.com,2000,49609,1601047609000
6963215,"Prescott","Wisniewski",pwisniewski6f@toplist.cz,3000,44426,1586910480000
6353054,"Timothea","Skamell",tskamell6g@joomla.org,3000,49327,1586955125000
6774088,"Celestyna","Valentinuzzi",cvalentinuzzi6h@smugmug.com,0800,43626,1608393232000
6438401,"Hayley","Blamire",hblamire6i@hao123.com,7000,46686,1586851828000
6206462,"Ronda","Lethbrig",rlethbrig6j@google.com.hk,5000,43515,1587136828000
6480792,"Sven","Valeri",svaleri6k@ucoz.com,3000,48651,1579552691000
6498931,"Morgan","Routledge",mroutledge6l@de.vu,2000,41863,1589193669000
6021590,"Matthaeus","Botha",mbotha6m@marriott.com,4000,44969,1581304109000
6277118,"Ike","Livock",ilivock6n@com.com,4000,49284,1580421877000
6314171,"Dom","Toby",dtoby6o@about.me,2000,48842,1588248584000
6010556,"Anni","Grinyer",agrinyer6p@rediff.com,2000,48066,1605865152000
6732744,"Clay","Battaille",cbattaille6q@edublogs.org,4000,42394,1602458044000
6760588,"Casey","Wesley",cwesley6r@printfriendly.com,4000,42281,1578234453000
6670981,"Pamela","Fitter",pfitter6s@aboutads.info,5000,46711,1604934244000
6736406,"Anet","Bettanay",abettanay6t@plala.or.jp,3000,41393,1592267020000
6930744,"Durand","Graver",dgraver6u@vimeo.com,2000,40341,1604307879000
6890456,"Poppy","Threadgall",pthreadgall6v@tamu.edu,2000,43265,1587677353000
6086851,"Dionisio","Pechet",dpechet6w@irs.gov,2000,48656,1593682352000
6071686,"Minne","Parriss",mparriss6x@comcast.net,2000,44120,1606253371000
6454162,"Zelda","Verlander",zverlander6y@hatena.ne.jp,7000,42058,1580832708000
6695209,"Koren","Billiard",kbilliard6z@sun.com,3000,48688,1600334122000
6929593,"Cathie","Marten",cmarten70@woothemes.com,2000,43542,1599097336000
6740943,"Mord","Greedyer",mgreedyer71@over-blog.com,3000,47244,1584118473000
6779777,"Jessie","Lade",jlade72@wisc.edu,2000,46447,1595301860000
6850738,"Bryant","Adriano",badriano73@ftc.gov,2000,48142,1599401437000
6858617,"Adriano","Tother",atother74@usa.gov,2000,40455,1593133942000
6384267,"Marcellus","Fearfull",mfearfull75@moonfruit.com,4000,48237,1579060273000
6713707,"Lorna","Bickers",lbickers76@over-blog.com,4000,47543,1583007023000
6083726,"Claire","Fussen",cfussen77@oakley.com,2000,47165,1594097291000
6714720,"Risa","Tybalt",rtybalt78@dion.ne.jp,2000,46692,1599054290000
6805664,"Thomasa","Drewes",tdrewes79@weibo.com,2000,43595,1583278450000
6580719,"Edgardo","Peyes",epeyes7a@amazon.com,2000,46031,1602516456000
6717595,"Clerkclaude","MacCahey",cmaccahey7b@ihg.com,3000,45611,1596974892000
6786463,"Aurelea","Mallinar",amallinar7c@ehow.com,2000,48761,1584685497000
6879632,"Kristo","Galvin",kgalvin7d@mediafire.com,4000,48172,1585023059000
6070890,"Karl","Ticic",kticic7e@rambler.ru,3000,44971,1586496185000
6679168,"Carr","Gronaller",cgronaller7f@ucla.edu,3000,44267,1584154721000
6876796,"Ketty","Bacchus",kbacchus7g@addthis.com,6000,46420,1605533977000
6792587,"Vita","Brophy",vbrophy7h@sciencedirect.com,3000,46144,1603893492000
6710541,"Morey","McFaul",mmcfaul7i@cocolog-nifty.com,2000,42311,1598212917000
6786069,"Marion","Bulger",mbulger7j@zimbio.com,3000,45781,1605802640000
6275236,"Gerrie","Losano",glosano7k@umn.edu,7000,42983,1596425234000
6658001,"Moses","Bearward",mbearward7l@cargocollective.com,4000,43398,1606337961000
6940452,"Fionnula","Frowing",ffrowing7m@tuttocitta.it,4000,40669,1586603206000
6502517,"Clare","Robertis",crobertis7n@indiatimes.com,6000,45216,1580685849000
6152029,"Richart","Anderer",randerer7o@whitehouse.gov,2000,42063,1593922160000
6236612,"Morton","Auty",mauty7p@typepad.com,4000,40390,1579578249000
6082709,"Roberta","Diggin",rdiggin7q@uol.com.br,4000,43441,1593334738000
6551872,"Billy","Dougary",bdougary7r@sphinn.com,4000,41709,1594757176000
6166798,"Bayard","Bloxsum",bbloxsum7s@gravatar.com,3000,49013,1582514789000
6906662,"Guillema","Errichelli",gerrichelli7t@java.com,7000,40851,1587121779000
6144364,"Udall","Edgeon",uedgeon7u@sbwire.com,6000,48251,1607005704000
6210206,"Jermaine","Tullis",jtullis7v@noaa.gov,2000,47858,1581387572000
6917862,"Elinore","Stockdale",estockdale7w@github.io,0800,40840,1592279505000
6611118,"Stearn","Scipsey",sscipsey7x@microsoft.com,3000,44548,1603432973000
6874800,"Frankie","Dagwell",fdagwell7y@dedecms.com,4000,48250,1585743342000
6459210,"Kenneth","Fawthorpe",kfawthorpe7z@ifeng.com,3000,40613,1593299661000
6941622,"Sigismondo","Grundwater",sgrundwater80@blogs.com,3000,41657,1604651815000
6534751,"Mariana","Dechelle",mdechelle81@senate.gov,3000,43552,1587616854000
6449803,"Latrena","Szreter",lszreter82@un.org,2000,46246,1585137318000
6741855,"Clay","McJury",cmcjury83@ovh.net,3000,48834,1583613231000
6998081,"Mathe","Ferrick",mferrick84@weebly.com,2000,46307,1605911536000
6759809,"Elliott","Grainge",egrainge85@t-online.de,2000,45395,1578969566000
6610570,"Carney","Chartres",cchartres86@howstuffworks.com,3000,48539,1592627794000
6198085,"Suzann","Dudny",sdudny87@moonfruit.com,3000,43643,1608945543000
6127052,"Winnie","Ladbury",wladbury88@meetup.com,2600,41656,1595703610000
6377522,"Dyanne","Streeting",dstreeting89@gizmodo.com,2000,42996,1585227484000
6589969,"Brittni","Bullock",bbullock8a@histats.com,2000,42874,1595195736000
6184737,"Erv","Brice",ebrice8b@tumblr.com,2000,41698,1607430882000
6664545,"Delmore","Vahl",dvahl8c@jigsy.com,4000,47975,1599296852000
6052620,"Mohandas","Curmi",mcurmi8d@vkontakte.ru,2000,41431,1584737875000
6512650,"Massimiliano","Barta",mbarta8e@dell.com,3000,44033,1596650441000
6232261,"Frederic","Matousek",fmatousek8f@nasa.gov,2000,46653,1596999771000
6505373,"Gerek","Stoke",gstoke8g@wired.com,4000,42972,1592241084000
6000039,"Leeann","Mussared",lmussared8h@surveymonkey.com,3000,49109,1605308607000
6090571,"Abran","Klimpt",aklimpt8i@illinois.edu,2000,42555,1582905827000
6486670,"Waring","Sawney",wsawney8j@ucsd.edu,2000,46301,1602927598000
6346537,"Zacharia","Daniell",zdaniell8k@hibu.com,4000,40220,1580922039000
6802925,"Moss","Playford",mplayford8l@gmpg.org,3000,46111,1594173958000
6900560,"Hayes","Cavie",hcavie8m@nps.gov,2000,42480,1586383329000
6856160,"Teador","Camerello",tcamerello8n@senate.gov,2600,47275,1607109967000
6072365,"Evelin","Pickin",epickin8o@spotify.com,3000,45034,1580517604000
6420173,"Julissa","Keepence",jkeepence8p@cargocollective.com,2600,43192,1604824951000
6998668,"Caitlin","Meriguet",cmeriguet8q@icq.com,3000,40228,1580283927000
6004795,"Anatole","Fincham",afincham8r@google.it,3000,46333,1586586570000
6624926,"Lindsey","Heggie",lheggie8s@ca.gov,2000,46718,1587497433000
6981749,"Nara","Balfre",nbalfre8t@nifty.com,7000,48485,1578960322000
6450885,"Gerhardt","Bonehill",gbonehill8u@freewebs.com,3000,48703,1601528967000
6801294,"Cece","Whotton",cwhotton8v@mapy.cz,3000,40344,1598968961000
6025760,"Caresse","Kemme",ckemme8w@scribd.com,2000,48021,1593897341000
6292107,"Maressa","Glen",mglen8x@ox.ac.uk,0800,45092,1581686131000
6822650,"Karolina","Croix",kcroix8y@fotki.com,2000,46067,1602387752000
6486926,"Ferne","Ulster",fulster8z@issuu.com,4000,46489,1582892708000
6078304,"Zarla","Elfitt",zelfitt90@apple.com,3000,44516,1583546552000
6780971,"Edgardo","Ure",eure91@digg.com,4000,43529,1604637857000
6410459,"Cello","Peller",cpeller92@loc.gov,0800,48230,1589842369000
6992415,"Darcee","Pook",dpook93@exblog.jp,3000,48050,1584247546000
6632323,"Celestina","Sheircliffe",csheircliffe94@odnoklassniki.ru,4000,45986,1602250125000
6589446,"Shane","Simmell",ssimmell95@biblegateway.com,2600,47535,1592176969000
6555386,"Konstantin","Wanderschek",kwanderschek96@eventbrite.com,2000,47011,1578262826000
6176204,"Shanon","Perrottet",sperrottet97@statcounter.com,2000,45233,1581576534000
6790892,"Cobbie","Innocenti",cinnocenti98@stanford.edu,4000,45137,1578766791000
6271581,"Konstantine","Le Gassick",klegassick99@dailymotion.com,3000,40037,1608869784000
6188978,"Kori","Bulcock",kbulcock9a@google.it,6000,48783,1597875409000
6288952,"Jennee","Shalders",jshalders9b@sina.com.cn,6000,45130,1578942872000
6620337,"Starlin","Boskell",sboskell9c@netscape.com,4000,48504,1594525645000
6675179,"Catlee","Oen",coen9d@slate.com,3000,42724,1592580771000
6107695,"Mord","Owenson",mowenson9e@reverbnation.com,3000,48579,1588663333000
6693645,"Willow","Garnul",wgarnul9f@nationalgeographic.com,4000,48306,1578441912000
6178249,"Bobina","Pauleit",bpauleit9g@fotki.com,4000,49011,1597520604000
6056835,"Earl","Dowry",edowry9h@statcounter.com,3000,45032,1596449175000
6028116,"Heidie","Rolfo",hrolfo9i@bbc.co.uk,3000,48384,1591526342000
6915566,"Christopher","Fayer",cfayer9j@va.gov,2000,45540,1601806678000
6086638,"Cristina","Denham",cdenham9k@joomla.org,3000,49282,1604143127000
6053655,"Orson","Abbatt",oabbatt9l@msn.com,4000,41640,1599500837000
6338071,"Hiram","Sawford",hsawford9m@abc.net.au,4000,42766,1606112208000
6160341,"Jamima","Waison",jwaison9n@wisc.edu,2000,49932,1582130038000
6390785,"Fowler","Tomaszewicz",ftomaszewicz9o@list-manage.com,4000,41726,1596209003000
6240792,"Artie","Archard",aarchard9p@hexun.com,4000,41850,1607755283000
6043070,"Merrill","Moyles",mmoyles9q@networksolutions.com,2000,40611,1581708191000
6966061,"Sawyer","Edgeley",sedgeley9r@illinois.edu,5000,45740,1594712330000
6073151,"Nolie","Willsmore",nwillsmore9s@si.edu,4000,45736,1580486577000
6871256,"Yalonda","Parzis",yparzis9t@soup.io,2000,45920,1596032356000
6738141,"Irma","Crutchley",icrutchley9u@pbs.org,4000,47767,1585042819000
6760834,"Keith","Pughsley",kpughsley9v@auda.org.au,7000,47819,1586571742000
6207649,"Boot","Kowal",bkowal9w@nsw.gov.au,2000,40501,1601319449000
6412445,"Windy","Seamon",wseamon9x@ebay.com,4000,46205,1583358050000
6868398,"Aylmar","Caygill",acaygill9y@nasa.gov,7000,49984,1585449058000
6921173,"Adah","Happs",ahapps9z@friendfeed.com,2000,48100,1589191268000
6519672,"Dionisio","Pidler",dpidlera0@cmu.edu,4000,49563,1581752624000
6568411,"Hettie","Spirritt",hspirritta1@redcross.org,4000,40947,1580178049000
6769767,"Karol","Shew",kshewa2@domainmarket.com,4000,49645,1597332091000
6766489,"Debby","Streight",dstreighta3@redcross.org,2000,42545,1585721212000
6284449,"Courtney","Tydeman",ctydemana4@yellowbook.com,3000,41943,1579843439000
6940099,"Sabra","Gudgion",sgudgiona5@mysql.com,6000,47155,1596919825000
6724345,"Adela","Boorne",aboornea6@twitter.com,6000,49160,1598365628000
6922081,"Goldy","Heynen",gheynena7@princeton.edu,2000,41795,1587464736000
6830804,"Alyson","Bristow",abristowa8@google.com,2000,42767,1608721653000
6588329,"Dniren","Gothard",dgotharda9@tamu.edu,5000,46872,1601260392000
6932629,"Josias","Chable",jchableaa@home.pl,2000,47884,1601015756000
6082805,"Delia","Lilion",dlilionab@webmd.com,3000,40201,1606343959000
6696276,"Kelsey","O'Codihie",kocodihieac@narod.ru,6000,41389,1608958976000
6384133,"Cynthy","Threadgould",cthreadgouldad@yelp.com,3000,42107,1591265906000
6125529,"Eb","Manuaud",emanuaudae@so-net.ne.jp,2600,47866,1604549666000
6780358,"Mikey","Brandham",mbrandhamaf@usda.gov,7000,43618,1605343123000
6954712,"Torin","Joselovitch",tjoselovitchag@loc.gov,4000,48204,1583012884000
6016443,"Sybil","Martinolli",smartinolliah@dot.gov,4000,47176,1592446186000
6828127,"Agnese","Linnett",alinnettai@ox.ac.uk,3000,48653,1590193130000
6230343,"Antin","Castelluzzi",acastelluzziaj@indiatimes.com,2000,42550,1582310294000
6935156,"Lee","La Croce",llacroceak@alibaba.com,4000,45647,1598083391000
6206902,"Roze","Geekie",rgeekieal@nature.com,0800,41817,1584805132000
6710060,"Agnes","Filewood",afilewoodam@vkontakte.ru,2000,44996,1592063262000
6104113,"Sheeree","McSwan",smcswanan@soundcloud.com,2000,44036,1597256269000
6251988,"Chrissy","Wankel",cwankelao@hibu.com,2000,49153,1597811332000
6527324,"Darcy","Overil",doverilap@toplist.cz,3000,46459,1599163344000
6715653,"Caddric","O'Scanlan",coscanlanaq@fc2.com,0800,47609,1590749230000
6341363,"Emanuele","Marskell",emarskellar@shareasale.com,4000,46731,1605183959000
6150510,"Annmarie","Vautin",avautinas@liveinternet.ru,4000,43185,1606085670000
6615347,"Letizia","Jinkins",ljinkinsat@sciencedirect.com,4000,41459,1580223819000
6240320,"Angie","Climson",aclimsonau@shop-pro.jp,4000,49284,1587355061000
6536898,"Gabriele","Jiroutek",gjiroutekav@woothemes.com,2600,48788,1608206296000
6429081,"Justinian","Lowbridge",jlowbridgeaw@reference.com,2000,49813,1597270491000
6811710,"Florri","Goucher",fgoucherax@barnesandnoble.com,3000,45905,1599876204000
6669491,"Damara","Scroggie",dscroggieay@businesswire.com,2000,41672,1582415884000
6009773,"Daisie","Bischoff",dbischoffaz@mit.edu,5000,43338,1585516524000
6390080,"Basile","Stanyforth",bstanyforthb0@wiley.com,6000,47134,1587771318000
6372089,"Augie","Flori",aflorib1@berkeley.edu,2000,43665,1604115523000
6186635,"Marga","Dew",mdewb2@google.pl,2000,45332,1580496621000
6914582,"Gabrila","Uden",gudenb3@jiathis.com,3000,43304,1585346265000
6762081,"Jethro","Darwood",jdarwoodb4@gnu.org,6000,43560,1582436193000
6096905,"Raphaela","Thickens",rthickensb5@wp.com,3000,45928,1581208870000
6570293,"Worthington","Perrycost",wperrycostb6@upenn.edu,4000,45627,1588342155000
6599023,"Keelia","Bransom",kbransomb7@state.tx.us,2600,44745,1583939685000
6854576,"Neville","Wicken",nwickenb8@soup.io,2600,43986,1607937894000
6120255,"Cariotta","Romeril",cromerilb9@gov.uk,3000,45729,1588035831000
6472243,"Lacy","Wittke",lwittkeba@delicious.com,5000,42733,1579009312000
6873752,"Tamas","Bartomieu",tbartomieubb@fda.gov,3000,46504,1588907820000
6540046,"Luther","Leather",lleatherbc@google.nl,4000,40382,1580170305000
6038930,"Edgardo","Paten",epatenbd@fda.gov,7000,49069,1597385359000
6102821,"Gabriellia","Kinghorn",gkinghornbe@nifty.com,3000,41699,1601327038000
6269906,"Myrtie","Kibbye",mkibbyebf@yelp.com,7000,43987,1593317327000
6201634,"Genia","Youel",gyouelbg@imdb.com,2600,49852,1600054760000
6910639,"Sandie","Topping",stoppingbh@examiner.com,2000,46608,1586106020000
6367950,"Linc","Granham",lgranhambi@prnewswire.com,2000,49808,1583018320000
6398748,"Sheryl","McTrusty",smctrustybj@blog.com,7000,40172,1603885231000
6464421,"Max","Parradine",mparradinebk@blogtalkradio.com,3000,46265,1607879907000
6326345,"Hayden","Wilfinger",hwilfingerbl@lulu.com,2000,40511,1584633744000
6187154,"Bordy","Caudle",bcaudlebm@webmd.com,3000,41588,1607493250000
6105037,"Aylmer","Hegarty",ahegartybn@aol.com,3000,40432,1599972607000
6791496,"Gerik","Barrus",gbarrusbo@admin.ch,0800,48901,1596518636000
6274824,"Ailey","Gibke",agibkebp@gnu.org,2000,47821,1585165548000
6831071,"Fan","Edens",fedensbq@squidoo.com,3000,45943,1606423677000
6423634,"Hyacinthia","Benard",hbenardbr@rediff.com,4000,46251,1583863404000
6681899,"Ruggiero","Lovewell",rlovewellbs@amazonaws.com,3000,40492,1601220922000
6797718,"Codee","Wheatland",cwheatlandbt@cbsnews.com,3000,49015,1600901202000
6133648,"Imelda","Barnard",ibarnardbu@huffingtonpost.com,3000,42348,1581326701000
6218838,"Renaldo","Gounot",rgounotbv@moonfruit.com,5000,40768,1597610183000
6912191,"Emery","Galley",egalleybw@barnesandnoble.com,3000,41551,1605046577000
6718894,"Erma","Skingley",eskingleybx@slashdot.org,2000,42819,1577905545000
6179852,"Lewie","Duckett",lduckettby@house.gov,7000,46725,1584473121000
6138898,"Ansel","Westberg",awestbergbz@sourceforge.net,2000,48705,1586504318000
6238671,"Leodora","Brognot",lbrognotc0@cisco.com,2000,40618,1602432848000
6007053,"Kaylil","Bolderstone",kbolderstonec1@vistaprint.com,2000,40463,1599185155000
6565728,"Darrick","McCrystal",dmccrystalc2@arstechnica.com,2000,45349,1580200319000
6437821,"Alejandra","Rowbottom",arowbottomc3@howstuffworks.com,0800,46562,1604487937000
6159336,"Austin","Britt",abrittc4@comcast.net,2600,44483,1600674350000
6650031,"Seka","Fittall",sfittallc5@live.com,6000,42566,1584171427000
6244020,"Charline","Nacey",cnaceyc6@nationalgeographic.com,4000,47963,1590764970000
6021790,"Ameline","Gregs",agregsc7@hostgator.com,3000,40011,1590467556000
6484391,"Derek","McGeorge",dmcgeorgec8@wikimedia.org,3000,45549,1609049676000
6540160,"Carce","Heaps",cheapsc9@state.gov,0800,49014,1579635825000
6845111,"Wilfrid","Rossborough",wrossboroughca@t-online.de,2600,44366,1607364024000
6359662,"Merla","Riccard",mriccardcb@psu.edu,3000,47286,1598735770000
6172618,"Frasquito","Johnys",fjohnyscc@sciencedirect.com,3000,44613,1578129960000
6241365,"Vera","Smalcombe",vsmalcombecd@addtoany.com,2000,40901,1579991914000
6736918,"Arline","Castle",acastlece@berkeley.edu,2000,42743,1609011419000
6565164,"Berni","Heintze",bheintzecf@dailymail.co.uk,2600,49491,1603246960000
6753449,"Harriot","Back",hbackcg@topsy.com,3000,40892,1607717029000
6010524,"Marlane","Hackinge",mhackingech@blogs.com,4000,47941,1605739454000
6239743,"Andre","Blundin",ablundinci@state.tx.us,5000,47878,1588948316000
6408017,"Webster","Godin",wgodincj@tiny.cc,5000,46139,1591573926000
6342901,"Amie","Tewes",atewesck@google.fr,2000,42443,1582008678000
6181763,"Vassili","Messruther",vmessruthercl@cloudflare.com,2000,45371,1602723986000
6709467,"Elly","Giraux",egirauxcm@cyberchimps.com,2000,47397,1578129897000
6220599,"Linoel","Jeandillou",ljeandilloucn@psu.edu,3000,41010,1594369139000
6301719,"Odessa","Rexworthy",orexworthyco@comsenz.com,4000,43504,1577989218000
6381222,"Katharina","Shildrick",kshildrickcp@nih.gov,0800,41826,1596337513000
6306515,"Vasilis","Mines",vminescq@dailymail.co.uk,2000,41013,1602947445000
6903270,"Tierney","Mattocks",tmattockscr@time.com,3000,44031,1607243549000
6540172,"Tobye","Cotman",tcotmancs@seattletimes.com,2000,42216,1606453613000
6389058,"Josepha","Bollans",jbollansct@washingtonpost.com,4000,48086,1590062202000
6106091,"Esma","Grimme",egrimmecu@bravesites.com,4000,45336,1588144069000
6268913,"Englebert","Breslane",ebreslanecv@tripod.com,6000,46375,1606671820000
6626402,"Donetta","McQuaide",dmcquaidecw@sitemeter.com,2000,47687,1594351976000
6979183,"Jeniffer","McClosh",jmccloshcx@disqus.com,3000,47724,1609129139000
6765462,"Shandeigh","Vizard",svizardcy@geocities.jp,2600,49394,1600980240000
6409497,"Eada","Serfati",eserfaticz@friendfeed.com,7000,42385,1581882328000
6050775,"Winifield","Keemer",wkeemerd0@usnews.com,2600,44017,1592102070000
6835510,"Wain","Waryk",wwarykd1@cloudflare.com,2600,49631,1600163253000
6893868,"Stevana","Lynthal",slynthald2@cnn.com,3000,45572,1597285096000
6942037,"Allyce","Lipprose",alipprosed3@google.ca,2000,43764,1581714990000
6214376,"Chick","Dunphie",cdunphied4@psu.edu,2000,46006,1581026674000
6269618,"Violetta","Collibear",vcollibeard5@ow.ly,2000,44729,1609168920000
6459645,"Imogene","Lowndes",ilowndesd6@yellowpages.com,2000,41953,1587195047000
6553723,"Gwendolen","Drowsfield",gdrowsfieldd7@fastcompany.com,6000,47765,1600545812000
6895275,"Ursuline","Salleir",usalleird8@typepad.com,3000,43678,1607345344000
6866137,"Ethelda","Wingeatt",ewingeattd9@cisco.com,3000,46332,1586432881000
6811864,"Sibel","Hurst",shurstda@tiny.cc,3000,48206,1581027484000
6858558,"Dorie","Ockleshaw",dockleshawdb@apple.com,6000,47308,1608553628000
6407259,"Wini","Spyvye",wspyvyedc@histats.com,7000,46258,1595763636000
6844278,"Liuka","Garwill",lgarwilldd@comsenz.com,2000,48243,1597960885000
6391902,"Liam","Pittford",lpittfordde@godaddy.com,3000,44204,1584080334000
6593607,"Goldi","Haycraft",ghaycraftdf@zimbio.com,3000,40263,1605942689000
6894281,"Yalonda","Aylmer",yaylmerdg@chron.com,4000,40228,1594908234000
6928972,"Travus","Noddles",tnoddlesdh@xing.com,2000,41345,1600113503000
6416691,"Hildagarde","Killiam",hkilliamdi@paypal.com,4000,47885,1599369823000
6858106,"Tiler","Bondley",tbondleydj@hp.com,4000,40343,1587630634000
6621016,"Iggy","Standeven",istandevendk@alexa.com,5000,44682,1585252886000
6036177,"Lucais","Raffon",lraffondl@1und1.de,0800,43574,1579272617000
6944411,"Natalie","Tyrwhitt",ntyrwhittdm@livejournal.com,6000,42901,1588864932000
6953541,"Fabian","Eglaise",feglaisedn@wired.com,2000,45723,1585273535000
6818417,"Vin","Meric",vmericdo@cocolog-nifty.com,5000,49247,1590848617000
6116178,"Waite","Prozescky",wprozesckydp@globo.com,7000,40458,1602980400000
6163607,"Bryon","Klosa",bklosadq@youku.com,6000,47741,1603357229000
6462692,"Carlina","Shireff",cshireffdr@theatlantic.com,2000,40387,1604284464000
6105945,"Crissie","Frostdicke",cfrostdickeds@ibm.com,2000,46618,1592603908000
6562086,"Gay","Baldacchi",gbaldacchidt@a8.net,0800,42232,1583859949000
6384781,"Brigitta","Lyenyng",blyenyngdu@is.gd,7000,45422,1595383355000
6901218,"Nertie","Lafaye",nlafayedv@joomla.org,2000,41658,1606793665000
6584752,"Lorne","Marishenko",lmarishenkodw@github.io,3000,47931,1580389097000
6290746,"Brendan","Staunton",bstauntondx@cnet.com,2000,45859,1579695196000
6502946,"Nikolia","Hourston",nhourstondy@nsw.gov.au,2000,48946,1592369763000
6277290,"Jorge","Bardey",jbardeydz@themeforest.net,4000,44764,1601040238000
6054178,"Nanete","Pattlel",npattlele0@timesonline.co.uk,3000,48433,1588678325000
6093813,"Deerdre","Saturley",dsaturleye1@senate.gov,7000,42467,1601963223000
6065697,"Emlyn","Pynn",epynne2@illinois.edu,2600,49477,1604931168000
6146391,"Silas","Rucklidge",srucklidgee3@fotki.com,2000,41009,1593920009000
6256542,"Sawyere","Lindenblatt",slindenblatte4@livejournal.com,4000,48398,1608447904000
6422165,"Nevile","Botfield",nbotfielde5@weibo.com,2000,45129,1589422458000
6958582,"Gualterio","Scalia",gscaliae6@npr.org,2000,49966,1585529503000
6391900,"Coop","Grey",cgreye7@bizjournals.com,4000,45974,1586648522000
6988874,"Genevieve","Sparsholt",gsparsholte8@amazon.com,2600,43496,1578911220000
6157097,"Dorry","Bamblett",dbamblette9@mapquest.com,2000,45467,1603968306000
6919311,"Bordy","Vaz",bvazea@moonfruit.com,3000,43778,1590101555000
6298590,"Trenna","Keasy",tkeasyeb@taobao.com,4000,49532,1582765197000
6873651,"Adolph","Krojn",akrojnec@washington.edu,2000,44199,1599432193000
6284597,"Nerty","Endicott",nendicotted@bizjournals.com,4000,48778,1603306809000
6206914,"Elaine","Skellon",eskellonee@stanford.edu,4000,41857,1606405620000
6826687,"Dollie","Mathison",dmathisonef@state.gov,6000,40922,1583707114000
6891298,"Sharlene","Kingsnode",skingsnodeeg@shutterfly.com,4000,47600,1596427054000
6502387,"Boony","Darter",bdartereh@de.vu,4000,45021,1594957046000
6327505,"Karine","Whinney",kwhinneyei@plala.or.jp,4000,41837,1597832784000
6352788,"Donelle","Geoghegan",dgeogheganej@last.fm,2000,49590,1600170403000
6957744,"Jourdan","Sheran",jsheranek@instagram.com,5000,44203,1599053189000
6912761,"Jaclin","Giacomucci",jgiacomucciel@angelfire.com,2000,41067,1587774181000
6043269,"Lauren","Eayrs",leayrsem@bigcartel.com,0800,40975,1579109810000
6024424,"Olin","Hatherall",ohatherallen@4shared.com,4000,49612,1589233673000
6124372,"Anabella","Kield",akieldeo@list-manage.com,0800,41846,1603542966000
6640668,"Deonne","Croser",dcroserep@nps.gov,2000,41891,1604512761000
6636954,"Celinda","Allberry",callberryeq@unicef.org,2000,48255,1604937381000
6361662,"Gerardo","Chippindall",gchippindaller@hao123.com,6000,45662,1588596761000
6830106,"Kathi","Lightowlers",klightowlerses@prlog.org,2000,40146,1600688999000
6535579,"Joelly","Maberley",jmaberleyet@barnesandnoble.com,7000,47683,1598168587000
6966054,"Calley","Brende",cbrendeeu@hao123.com,7000,48262,1592707077000
6939862,"Olga","Mewton",omewtonev@privacy.gov.au,7000,44717,1584942979000
6783623,"Gard","Placido",gplacidoew@diigo.com,7000,47794,1596581083000
6906639,"Harper","McNutt",hmcnuttex@independent.co.uk,4000,49054,1597356836000
6024335,"Hillier","Barette",hbaretteey@accuweather.com,6000,42625,1602208478000
6089363,"Mateo","Strachan",mstrachanez@bloglovin.com,4000,42514,1597294787000
6807682,"Honoria","O'Doogan",hodooganf0@hao123.com,2000,43858,1596440926000
6593866,"Raddy","Phillipps",rphillippsf1@intel.com,4000,45689,1592861310000
6504816,"Selle","Brunsden",sbrunsdenf2@ow.ly,2000,46018,1595830905000
6983880,"Alphonse","Breazeall",abreazeallf3@nps.gov,5000,44595,1609116438000
6550776,"Nananne","Stranks",nstranksf4@buzzfeed.com,3000,45483,1587378402000
6712683,"Glori","Danilowicz",gdanilowiczf5@wired.com,4000,49374,1608122873000
6942195,"Fionnula","Caulfield",fcaulfieldf6@mit.edu,6000,41571,1588481559000
6572388,"Tate","Bagge",tbaggef7@nymag.com,7000,42621,1601949398000
6655992,"Emelda","Carneck",ecarneckf8@youtu.be,3000,46675,1588408881000
6368113,"Lorant","Ricardo",lricardof9@wired.com,2000,47693,1578421253000
6868227,"Leeann","Hulls",lhullsfa@gmpg.org,2000,48552,1592801619000
6688615,"Clair","Laxson",claxsonfb@seesaa.net,2000,47914,1593923311000
6727099,"Padriac","Dimanche",pdimanchefc@huffingtonpost.com,3000,43513,1592773956000
6334195,"Kalvin","Kermath",kkermathfd@salon.com,3000,40777,1604211635000
6951113,"Denys","Pauluzzi",dpauluzzife@un.org,6000,43774,1587472690000
6978137,"Hamid","Giacomoni",hgiacomoniff@bbb.org,3000,44551,1599072729000
6676125,"Moore","Slingsby",mslingsbyfg@diigo.com,5000,46001,1582972527000
6161569,"Engelbert","Gilhouley",egilhouleyfh@about.me,3000,48116,1597768680000
6861444,"Tobye","McCarrick",tmccarrickfi@gnu.org,2000,44328,1597658147000
6416107,"Sally","Ribbon",sribbonfj@dedecms.com,2600,44165,1605309852000
6713328,"Finley","Quodling",fquodlingfk@fastcompany.com,2000,42899,1593799405000
6533682,"Avie","Boulter",aboulterfl@meetup.com,4000,40177,1584184748000
6194315,"Donnie","Strase",dstrasefm@state.tx.us,2000,43653,1593103257000
6475409,"Mellisent","Tarpey",mtarpeyfn@xinhuanet.com,2000,45226,1597801476000
6650742,"Sal","Pyburn",spyburnfo@zdnet.com,7000,46587,1606749713000
6949465,"Duke","Strudwick",dstrudwickfp@etsy.com,6000,44685,1596771745000
6341840,"Corene","Schonfelder",cschonfelderfq@ebay.co.uk,4000,41899,1586804569000
6445674,"Philipa","Birdseye",pbirdseyefr@sun.com,0800,45062,1609312549000
6384819,"Bartolomeo","Offen",boffenfs@sun.com,3000,44409,1592726632000
6365918,"Blakeley","Bungey",bbungeyft@free.fr,2000,41907,1608197891000
6184504,"Onfre","Norvell",onorvellfu@dmoz.org,7000,47016,1579326773000
6471426,"Ky","Dunbar",kdunbarfv@ebay.co.uk,0800,40339,1596814615000
6947734,"Kristos","Tarver",ktarverfw@nsw.gov.au,3000,40384,1591528959000
6141363,"Brantley","Dyne",bdynefx@about.me,3000,45033,1587393347000
6724279,"Andrea","Tubble",atubblefy@theguardian.com,2000,43296,1579657165000
6543971,"Elton","Domokos",edomokosfz@etsy.com,2000,40304,1597343332000
6750800,"Parke","Roles",prolesg0@opera.com,2000,49175,1596828861000
6081744,"Fielding","Screeton",fscreetong1@google.com.br,6000,45950,1602232331000
6703375,"Wade","Mortlock",wmortlockg2@4shared.com,2000,47735,1603203940000
6082857,"Jay","Carpenter",jcarpenterg3@google.fr,3000,49986,1600873382000
6605693,"Cally","Oakhill",coakhillg4@qq.com,6000,41572,1594364737000
6403071,"Alfi","Drever",adreverg5@github.com,3000,40620,1583261847000
6087584,"Bernice","Postlethwaite",bpostlethwaiteg6@posterous.com,3000,40066,1605426590000
6945129,"John","Rabjohn",jrabjohng7@shop-pro.jp,3000,41173,1605304594000
6561725,"Heath","Kenton",hkentong8@mit.edu,2600,49197,1601111679000
6260432,"Stacee","Stoakes",sstoakesg9@posterous.com,2000,42133,1586392093000
6654619,"Johanna","Brockest",jbrockestga@cam.ac.uk,4000,49625,1592069809000
6753342,"Stella","Bontoft",sbontoftgb@topsy.com,4000,43886,1578731617000
6546365,"Wainwright","Peakman",wpeakmangc@loc.gov,2000,48982,1593128829000
6384511,"Alfred","Jouannot",ajouannotgd@tinypic.com,5000,48989,1589261093000
6333195,"Herve","Miskimmon",hmiskimmonge@lulu.com,0800,49956,1581320951000
6159669,"Darlene","Isselee",disseleegf@mtv.com,3000,42941,1596395331000
6974014,"Vina","Crunkhorn",vcrunkhorngg@networkadvertising.org,2000,40208,1588603919000
6050739,"Diego","Gillham",dgillhamgh@alexa.com,4000,46288,1591790689000
6974394,"Arri","Cowans",acowansgi@ovh.net,6000,47926,1596387960000
6426123,"Bernadene","Birtles",bbirtlesgj@miitbeian.gov.cn,3000,43028,1586171878000
6256358,"Bonnie","Antonovic",bantonovicgk@pcworld.com,2000,41784,1579012882000
6660273,"Feliza","Swigger",fswiggergl@etsy.com,2000,48398,1595994253000
6806129,"Abramo","Eccott",aeccottgm@howstuffworks.com,7000,48114,1581281179000
6226447,"Jeanie","Lago",jlagogn@sphinn.com,0800,44081,1600906827000
6752453,"Sybil","Frediani",sfredianigo@twitter.com,3000,49046,1592572007000
6015764,"Drud","Kincey",dkinceygp@ibm.com,3000,46745,1589968059000
6379235,"Nita","Kintzel",nkintzelgq@rambler.ru,4000,44314,1599324228000
6149661,"Dominica","McBrearty",dmcbreartygr@histats.com,0800,40416,1589304840000
6145932,"Ebba","Ludron",eludrongs@trellian.com,3000,41796,1598499068000
6611532,"Chris","Guise",cguisegt@indiegogo.com,3000,44365,1590464087000
6239208,"Agnesse","Grealy",agrealygu@csmonitor.com,2000,41935,1589464696000
6383174,"Thacher","Trencher",ttrenchergv@economist.com,2000,47266,1598152465000
6549235,"Edik","O'Cannan",eocannangw@hugedomains.com,4000,46671,1606747329000
6416134,"Bord","Rawdales",brawdalesgx@thetimes.co.uk,2000,49516,1604805077000
6403303,"Daniele","Starr",dstarrgy@google.es,3000,46122,1580295732000
6756118,"Sherill","Shildrick",sshildrickgz@amazonaws.com,4000,43081,1606339415000
6563380,"Noah","Jessep",njesseph0@skyrock.com,5000,42379,1603910411000
6399882,"Ham","Kingzet",hkingzeth1@buzzfeed.com,2000,41266,1594416222000
6555588,"Philomena","McRonald",pmcronaldh2@technorati.com,2000,43435,1603360802000
6000837,"Lorine","Greswell",lgreswellh3@ucoz.com,2600,48548,1593096039000
6694660,"Koren","Broadbere",kbroadbereh4@storify.com,3000,42044,1591606226000
6217456,"Rowena","Maxworthy",rmaxworthyh5@icio.us,4000,46704,1584945546000
6577140,"Humfrid","Sute",hsuteh6@reference.com,3000,46379,1601365254000
6578018,"Kerry","Crosier",kcrosierh7@fda.gov,2000,49596,1580659003000
6450583,"Willdon","Ferrarese",wferrareseh8@nps.gov,4000,49686,1583170531000
6794015,"Alika","Collick",acollickh9@imageshack.us,2600,45704,1599902752000
6619427,"Petronella","Traill",ptraillha@wiley.com,5000,47334,1606816311000
6403420,"Robinson","Pattullo",rpattullohb@examiner.com,3000,42530,1595489583000
6375503,"Larine","Stede",lstedehc@etsy.com,3000,42172,1578072964000
6236485,"Guido","Elwell",gelwellhd@alexa.com,2600,47182,1584386385000
6645457,"Stern","Vasile",svasilehe@sohu.com,2000,47175,1588667035000
6992960,"Dorine","Bourtoumieux",dbourtoumieuxhf@last.fm,3000,45967,1593651844000
6699700,"Amara","Widd",awiddhg@harvard.edu,6000,40999,1583844732000
6926051,"Laurette","Delacote",ldelacotehh@mit.edu,2000,49464,1584963491000
6714213,"Esme","Fellow",efellowhi@cafepress.com,7000,49044,1597341537000
6116582,"Lauretta","Archer",larcherhj@yahoo.co.jp,2000,46302,1578145064000
6218775,"Alix","McGiveen",amcgiveenhk@oaic.gov.au,2600,43630,1603104726000
6498886,"Thomasina","Levett",tlevetthl@smugmug.com,3000,49909,1604931415000
6059141,"Fidela","Dubery",fduberyhm@cloudflare.com,3000,47286,1608976904000
6791115,"Abrahan","Norkutt",anorkutthn@google.cn,2600,45031,1593704760000
6170344,"Marta","Helder",mhelderho@stanford.edu,4000,48148,1588513462000
6057495,"Harmonie","Drains",hdrainshp@ft.com,2000,49945,1586262388000
6020954,"Keeley","Goodere",kgooderehq@webs.com,3000,49273,1596301652000
6105914,"Vivi","Mears",vmearshr@issuu.com,6000,43501,1595533231000
6294827,"Vilma","Insley",vinsleyhs@ucoz.com,6000,41377,1605308441000
6688990,"Sloane","Gartsyde",sgartsydeht@posterous.com,2000,47698,1604770588000
6031525,"Geno","Querrard",gquerrardhu@apple.com,2000,40017,1584446731000
6930251,"Alexander","Heavy",aheavyhv@de.vu,4000,40322,1602899169000
6446698,"Bette","Gwillyam",bgwillyamhw@epa.gov,2000,45778,1586259714000
6147642,"Melisandra","Yeoland",myeolandhx@wikimedia.org,6000,40685,1586063858000
6783200,"Em","Maynell",emaynellhy@bravesites.com,2600,45860,1581610800000
6461792,"Consuela","Bedminster",cbedminsterhz@ihg.com,6000,43111,1607087961000
6383186,"Alejandrina","Swenson",aswensoni0@com.com,2600,46341,1582189242000
6769659,"Gordan","Rawlings",grawlingsi1@ucsd.edu,0800,40814,1596179410000
6410222,"Thatch","Inkin",tinkini2@multiply.com,0800,40977,1586830264000
6714457,"Fianna","Gaitung",fgaitungi3@wp.com,0800,44418,1589361382000
6144192,"Dottie","Eastes",deastesi4@usgs.gov,2000,46041,1602891846000
6820028,"Teressa","Dugan",tdugani5@jiathis.com,7000,46749,1586186174000
6955509,"Allis","Haynes",ahaynesi6@mapy.cz,4000,45695,1590467434000
6609577,"Bernardo","Chappell",bchappelli7@unesco.org,5000,48221,1595322436000
6208910,"Yule","Sabban",ysabbani8@elpais.com,6000,49661,1605690900000
6869103,"Lia","Stockney",lstockneyi9@usda.gov,4000,48156,1587179802000
6328538,"Lawry","Ketley",lketleyia@bing.com,3000,46168,1607802619000
6913832,"Eolande","Vittery",evitteryib@bloglines.com,3000,48691,1591188399000
6270005,"Chip","Weerdenburg",cweerdenburgic@mediafire.com,2000,46570,1595768607000
6889145,"Dino","Sisey",dsiseyid@amazon.com,0800,46339,1603475880000
6411303,"Sheela","Kunze",skunzeie@goodreads.com,2600,49892,1582804755000
6415073,"Tansy","MacAdie",tmacadieif@lycos.com,2600,46635,1595099663000
6886376,"Lorinda","Searson",lsearsonig@ning.com,7000,43729,1598613369000
6663975,"Cassie","Gerson",cgersonih@shutterfly.com,3000,48467,1593175326000
6483595,"Audra","Moyles",amoylesii@nasa.gov,3000,46329,1578849305000
6242158,"Trudi","Crossley",tcrossleyij@soundcloud.com,2600,40050,1585024346000
6146997,"Florinda","Illyes",fillyesik@techcrunch.com,0800,40271,1584899489000
6907274,"Hildegaard","Leneham",hlenehamil@ihg.com,7000,44311,1586603529000
6445078,"Robb","Robardley",rrobardleyim@yellowpages.com,0800,43212,1595782325000
6863058,"Hillary","Ghidoni",hghidoniin@list-manage.com,2600,46545,1579832743000
6511265,"Mada","Crang",mcrangio@foxnews.com,2600,42532,1606398518000
6533989,"Herold","Loadman",hloadmanip@thetimes.co.uk,4000,46725,1604771498000
6925024,"Rory","Addess",raddessiq@linkedin.com,2000,49877,1592951660000
6273876,"Tadio","Bevar",tbevarir@hatena.ne.jp,4000,48816,1584070393000
6513830,"Rosamund","Thraves",rthravesis@elegantthemes.com,4000,40662,1602538416000
6439015,"Jesse","Piwell",jpiwellit@youtu.be,2000,45804,1595529037000
6605495,"Helli","Kimberley",hkimberleyiu@nps.gov,6000,48690,1580383670000
6320287,"Rene","Edess",redessiv@oakley.com,0800,46372,1583860763000
6931916,"Cathrine","Lomasney",clomasneyiw@admin.ch,4000,47812,1601636205000
6487127,"Somerset","Sollis",ssollisix@omniture.com,2000,49451,1584374881000
6872910,"Othilie","Skillings",oskillingsiy@chicagotribune.com,4000,42468,1599299934000
6040864,"Willi","Rate",wrateiz@hhs.gov,4000,49831,1581207802000
6362175,"Pam","Torregiani",ptorregianij0@blogger.com,3000,48416,1582322681000
6021866,"Christy","Barnham",cbarnhamj1@facebook.com,3000,46201,1608957695000
6158281,"Nil","Keers",nkeersj2@dailymail.co.uk,0800,42882,1577963409000
6726881,"Conchita","Lambertazzi",clambertazzij3@goo.ne.jp,2000,42776,1586002935000
6913588,"Trude","Hillitt",thillittj4@ezinearticles.com,4000,44881,1608076137000
6975234,"Nikos","Reis",nreisj5@de.vu,6000,49384,1601790738000
6004141,"Sauveur","Lobbe",slobbej6@twitpic.com,7000,44965,1589500337000
6497844,"Larissa","Fripp",lfrippj7@tumblr.com,2600,44852,1591634961000
6830942,"Massimiliano","Sorrie",msorriej8@narod.ru,5000,47942,1583807808000
6920683,"Baron","Hartus",bhartusj9@com.com,4000,44454,1606325736000
6969625,"Marcella","Tixall",mtixallja@timesonline.co.uk,3000,47036,1587262144000
6097331,"Feodora","Goward",fgowardjb@canalblog.com,3000,47388,1582400271000
6164856,"Margo","Matz",mmatzjc@alibaba.com,0800,48909,1607729442000
6162050,"Norton","Walak",nwalakjd@hc360.com,2600,41191,1586112589000
6622458,"Lezley","Helbeck",lhelbeckje@yale.edu,2000,43353,1589800129000
6122700,"Petronille","Sayes",psayesjf@mtv.com,3000,44786,1590069134000
6180138,"Roshelle","Tucsell",rtucselljg@ifeng.com,2000,40502,1606572435000
6955995,"Bernete","Spenclay",bspenclayjh@friendfeed.com,2000,43034,1595988922000
6725184,"Bernardina","Mulberry",bmulberryji@infoseek.co.jp,2000,48103,1596428573000
6967400,"Maude","Uppett",muppettjj@technorati.com,3000,48623,1605966930000
6439182,"Irina","Sarvar",isarvarjk@sfgate.com,7000,49151,1604393999000
6640795,"Johnnie","Carbry",jcarbryjl@theguardian.com,2000,43794,1596141775000
6563548,"Chariot","Leathard",cleathardjm@icq.com,0800,48820,1593954861000
6801987,"Dougie","Benford",dbenfordjn@biblegateway.com,0800,41298,1581976647000
6546824,"Agnesse","Heavens",aheavensjo@pcworld.com,7000,41920,1588022893000
6277962,"Garreth","Dullard",gdullardjp@stumbleupon.com,0800,49152,1578166560000
6873308,"Pat","Rootes",prootesjq@myspace.com,2000,42581,1603062208000
6410937,"Morie","Hadwen",mhadwenjr@naver.com,2000,43143,1609099456000
6759538,"Morton","Imore",mimorejs@printfriendly.com,2000,40108,1594846677000
6431576,"Lanae","Allred",lallredjt@shinystat.com,0800,45946,1587211191000
6429698,"Burty","Bartlosz",bbartloszju@about.com,7000,40854,1609091954000
6142253,"Rona","Mattys",rmattysjv@reuters.com,2000,43004,1599668028000
6281074,"Winthrop","Board",wboardjw@forbes.com,3000,49040,1605434966000
6336963,"Maximo","Obispo",mobispojx@irs.gov,3000,47398,1602086610000
6842187,"Lukas","Blowfield",lblowfieldjy@cloudflare.com,4000,48135,1605281554000
6584858,"Yule","Urion",yurionjz@studiopress.com,3000,43811,1588648571000
6632920,"Michelina","Calcutt",mcalcuttk0@opensource.org,2000,41824,1591571974000
6911414,"Ike","Domico",idomicok1@mlb.com,3000,45952,1583302227000
6371850,"Leisha","Hampstead",lhampsteadk2@weebly.com,4000,49218,1603120154000
6111888,"Cissiee","Casero",ccaserok3@quantcast.com,3000,42312,1580019412000
6771890,"Murielle","Ellingham",mellinghamk4@homestead.com,7000,44452,1592275024000
6375735,"Leisha","Leicester",lleicesterk5@rediff.com,3000,41458,1599117608000
6297367,"Lydie","Brignall",lbrignallk6@wikipedia.org,2000,45276,1597301556000
6772445,"Saleem","Smallpeice",ssmallpeicek7@mozilla.org,3000,47168,1584090754000
6011551,"Maritsa","Flett",mflettk8@woothemes.com,2000,44658,1606091893000
6439422,"Cesar","McCory",cmccoryk9@sciencedirect.com,4000,49892,1605775730000
6253642,"Lek","Ashwell",lashwellka@oakley.com,2000,42654,1597946742000
6198742,"Rowland","Stiebler",rstieblerkb@so-net.ne.jp,2600,47338,1580346596000
6115196,"Lorianna","Blare",lblarekc@google.pl,2000,47818,1594905039000
6461940,"Meade","Incogna",mincognakd@nasa.gov,2600,47104,1591615013000
6461237,"Teresina","Mouncey",tmounceyke@engadget.com,3000,46157,1587351239000
6407604,"Joann","Edmondson",jedmondsonkf@eventbrite.com,4000,41490,1594572478000
6537549,"Andrey","de Tocqueville",adetocquevillekg@netvibes.com,4000,40584,1607159741000
6529330,"Herta","MacCaughan",hmaccaughankh@mediafire.com,7000,45723,1579066664000
6703363,"Willy","Reignolds",wreignoldski@delicious.com,5000,43624,1596828904000
6693949,"Gusella","Borg",gborgkj@discovery.com,5000,49854,1587141839000
6115758,"Sanderson","Patters",spatterskk@xing.com,6000,44575,1606514169000
6176871,"Mathilde","Aldiss",maldisskl@phoca.cz,2000,48098,1602477245000
6237612,"Sauncho","Woolaghan",swoolaghankm@drupal.org,3000,45085,1579350313000
6976531,"Dolly","Giacubbo",dgiacubbokn@feedburner.com,2000,43845,1599283634000
6366998,"George","Tollit",gtollitko@privacy.gov.au,2600,43727,1604661184000
6246494,"Kermit","Twinborough",ktwinboroughkp@gnu.org,2000,46323,1594775812000
6366885,"Lauryn","Dugall",ldugallkq@slashdot.org,2000,45077,1598625816000
6349739,"Candice","Ramsden",cramsdenkr@thetimes.co.uk,3000,43047,1597695224000
6524109,"Virgie","Troop",vtroopks@dot.gov,6000,41248,1588603428000
6617770,"Marquita","Banner",mbannerkt@blogger.com,4000,45837,1585808015000
6138568,"Leodora","Bottoner",lbottonerku@bigcartel.com,4000,49795,1604668942000
6055028,"Marlowe","Oaks",moakskv@jugem.jp,3000,49516,1608094771000
6619349,"Daune","Petyakov",dpetyakovkw@senate.gov,0800,41402,1606932278000
6162651,"Rosalyn","Davey",rdaveykx@tiny.cc,5000,44254,1580640130000
6723644,"Constantine","Swinnerton",cswinnertonky@privacy.gov.au,2000,42979,1600806130000
6895725,"Loreen","Sidwick",lsidwickkz@gnu.org,3000,45590,1604955135000
6583836,"Izabel","Hawkin",ihawkinl0@patch.com,2000,41914,1586437044000
6651482,"Merrielle","Bartleman",mbartlemanl1@whitehouse.gov,3000,48557,1582102085000
6606154,"Hal","Newborn",hnewbornl2@fda.gov,2000,46996,1607244215000
6650072,"Oliviero","Nazair",onazairl3@photobucket.com,2000,42733,1592124291000
6294228,"Jarrid","Allix",jallixl4@spiegel.de,4000,41565,1581444494000
6385996,"Heloise","Kinge",hkingel5@clickbank.net,3000,49052,1578119409000
6914403,"Bryan","Kellock",bkellockl6@desdev.cn,3000,46204,1580322095000
6868111,"Helaina","Pyle",hpylel7@marketwatch.com,6000,47153,1585643905000
6541604,"Leon","Twaite",ltwaitel8@loc.gov,5000,48957,1592906954000
6641807,"Ailbert","Ginnelly",aginnellyl9@aol.com,0800,42936,1595765298000
6187373,"Perrine","Caron",pcaronla@thetimes.co.uk,2000,44743,1598359078000
6327267,"Latashia","Downton",ldowntonlb@blogs.com,2600,40934,1595409133000
6396512,"Jennette","Ure",jurelc@cocolog-nifty.com,0800,48091,1588131066000
6922637,"Tailor","Caws",tcawsld@over-blog.com,7000,47170,1596099378000
6053253,"Minne","Wessel",mwesselle@blogger.com,3000,44923,1604233257000
6906526,"Ruthann","Bridel",rbridellf@icio.us,4000,44050,1605178882000
6911950,"Valaria","Malia",vmalialg@prweb.com,5000,40842,1593580891000
6564960,"Skipp","Judron",sjudronlh@a8.net,2600,45262,1594505600000
6902159,"Krystyna","Ballantine",kballantineli@mediafire.com,4000,46022,1606256878000
6157014,"Virgie","Egdal",vegdallj@is.gd,2000,49081,1582663190000
6502671,"Deirdre","Defau",ddefaulk@cnn.com,3000,47949,1590920867000
6904929,"Jacklyn","Gheeorghie",jgheeorghiell@blogs.com,2600,40024,1591929824000
6105717,"Alene","Ferfulle",aferfullelm@liveinternet.ru,4000,45591,1586821620000
6143905,"Carlie","Tuddenham",ctuddenhamln@guardian.co.uk,6000,47239,1603424822000
6727911,"Elvera","Winspurr",ewinspurrlo@opera.com,3000,42472,1602343538000
6927035,"Dyan","Bolgar",dbolgarlp@usnews.com,4000,43016,1591246039000
6189934,"Lauren","Northey",lnortheylq@dagondesign.com,7000,41155,1595208555000
6472184,"Melosa","Georger",mgeorgerlr@arstechnica.com,3000,41776,1603671585000
6685011,"Minnie","Lamlin",mlamlinls@bluehost.com,7000,41699,1600084578000
6455296,"Chaunce","Josse",cjosselt@illinois.edu,2000,44815,1585328091000
6379614,"Jacob","Bulleyn",jbulleynlu@example.com,0800,48713,1597588328000
6580978,"Barney","Passler",bpasslerlv@nps.gov,2000,40968,1586376059000
6516453,"Sly","Peterkin",speterkinlw@is.gd,0800,46199,1605632769000
6890377,"Roderick","Cawthorn",rcawthornlx@bluehost.com,0800,40470,1581062055000
6699425,"Ephrem","Harnott",eharnottly@gravatar.com,7000,44856,1603056847000
6535423,"Willdon","Kegg",wkegglz@odnoklassniki.ru,3000,46076,1582202147000
6895917,"Prentice","Larvin",plarvinm0@homestead.com,0800,47386,1588447069000
6534553,"Tobie","Pumfrey",tpumfreym1@digg.com,2000,43110,1599863439000
6081882,"Amalee","Hurry",ahurrym2@army.mil,4000,41939,1595596877000
6251733,"Sly","Smaile",ssmailem3@umich.edu,5000,44420,1590990530000
6621994,"Chandal","Stein",csteinm4@surveymonkey.com,4000,45676,1587818414000
6049746,"Roma","Colliard",rcolliardm5@apache.org,3000,43563,1593989264000
6136303,"Bondon","Rother",brotherm6@google.fr,2600,48112,1606106313000
6108915,"Granville","Duggon",gduggonm7@t-online.de,2000,45785,1603180034000
6304564,"Hetty","Dobney",hdobneym8@weather.com,4000,44355,1586959331000
6879182,"Nikolaus","Shirtcliffe",nshirtcliffem9@jalbum.net,3000,40785,1596593742000
6018127,"Marget","Vitte",mvittema@dmoz.org,2000,46666,1597319715000
6298378,"Currey","Labrum",clabrummb@mac.com,3000,42976,1581165698000
6597147,"Imelda","Keatch",ikeatchmc@addtoany.com,4000,47948,1597600178000
6521484,"Charlene","Strathearn",cstrathearnmd@noaa.gov,4000,48738,1600476317000
6840716,"Dev","Durkin",ddurkinme@umn.edu,2000,47926,1598668570000
6733645,"Morgen","Brixey",mbrixeymf@github.io,2000,42404,1591513520000
6963186,"Reginauld","Monroe",rmonroemg@topsy.com,4000,44398,1597352775000
6924580,"Kassi","Tomaskov",ktomaskovmh@netscape.com,3000,42268,1594216456000
6041035,"Ginni","Alster",galstermi@pcworld.com,4000,49247,1594843111000
6113681,"Avril","M'Chirrie",amchirriemj@chronoengine.com,2000,45396,1584399326000
6529610,"Way","Glinde",wglindemk@marketwatch.com,5000,47130,1598119631000
6542013,"Lothario","Gotts",lgottsml@cargocollective.com,4000,44670,1594284807000
6309325,"Vale","Sauvain",vsauvainmm@hc360.com,2000,43603,1593357198000
6226880,"Jacquette","Curtis",jcurtismn@slate.com,4000,41112,1590278922000
6910037,"Thorin","MacQuarrie",tmacquarriemo@instagram.com,3000,44894,1602583287000
6184698,"Ailina","Poe",apoemp@forbes.com,3000,42293,1597666912000
6718622,"Chrissie","Algeo",calgeomq@meetup.com,3000,45754,1594125631000
6896277,"Vivyan","McKee",vmckeemr@reuters.com,2000,43768,1603540962000
6959396,"Jillie","Capaldi",jcapaldims@desdev.cn,3000,49890,1579294344000
6999186,"Sheila-kathryn","Hasnip",shasnipmt@usnews.com,2000,46282,1590329980000
6867946,"Klaus","Cauthra",kcauthramu@google.ru,5000,49515,1593193830000
6833881,"Lib","Mixworthy",lmixworthymv@goodreads.com,2600,49304,1607843698000
6784064,"Rolph","Krelle",rkrellemw@addtoany.com,4000,45841,1584527050000
6239466,"Lila","Brimmacombe",lbrimmacombemx@clickbank.net,6000,44211,1597076670000
6362063,"Chantal","Anfonsi",canfonsimy@mit.edu,3000,43442,1599787425000
6952645,"Romona","Bentham",rbenthammz@woothemes.com,4000,49929,1593662482000
6227687,"Carley","Dethloff",cdethloffn0@topsy.com,2600,42243,1582729421000
6973859,"Willa","Janauschek",wjanauschekn1@arstechnica.com,2000,47096,1592030155000
6416758,"Syd","Wabersinke",swabersinken2@mapquest.com,6000,45622,1601407223000
6289570,"Gladi","Serle",gserlen3@discuz.net,2000,45600,1604009648000
6909680,"Lennard","Ruddell",lruddelln4@imdb.com,3000,44137,1586176975000
6933067,"Clyve","Keward",ckewardn5@prweb.com,7000,41376,1603854779000
6727021,"Rubetta","Dominici",rdominicin6@cocolog-nifty.com,4000,45891,1608357550000
6849476,"Claresta","Yerrell",cyerrelln7@weebly.com,2000,49782,1608921739000
6553369,"Gwynne","Cattach",gcattachn8@oracle.com,3000,49130,1578704194000
6089798,"Rafaela","MacAlester",rmacalestern9@statcounter.com,2000,40664,1579105156000
6166974,"Andrew","Skeel",askeelna@dyndns.org,3000,47243,1602203176000
6895932,"Irv","Lorman",ilormannb@gizmodo.com,2000,40736,1607052611000
6260098,"Jammal","Geach",jgeachnc@nih.gov,4000,43203,1598493595000
6660893,"Codi","Fairbank",cfairbanknd@pagesperso-orange.fr,4000,44874,1586930998000
6426922,"Grove","Dugdale",gdugdalene@usgs.gov,4000,48091,1601315176000
6962597,"Kim","Strathearn",kstrathearnnf@tamu.edu,6000,42627,1585763463000
6604484,"Wilma","Haps",whapsng@posterous.com,4000,41731,1584385527000
6337978,"Ynez","Keasey",ykeaseynh@tmall.com,2000,41193,1585967361000
6995921,"Svend","Dimock",sdimockni@sohu.com,2000,42460,1603425558000
6426217,"Lonnie","Brooksbie",lbrooksbienj@hugedomains.com,2000,44702,1587747134000
6443840,"Minette","Matzel",mmatzelnk@facebook.com,2600,49861,1598309556000
6288859,"Karoline","Reuter",kreuternl@marriott.com,2600,44764,1597070903000
6495860,"De","Peek",dpeeknm@istockphoto.com,3000,46239,1578121077000
6648267,"Sandy","Calcott",scalcottnn@360.cn,3000,42371,1581735991000
6150556,"Tabby","MacAleese",tmacaleeseno@chronoengine.com,2000,47943,1578153372000
6416936,"Monroe","Borgnet",mborgnetnp@acquirethisname.com,0800,49586,1582437117000
6596579,"Terri-jo","Beasant",tbeasantnq@reverbnation.com,3000,43082,1579543758000
6053922,"Raina","Hosten",rhostennr@google.com.br,3000,47468,1602549318000
6473786,"Mauricio","Barcroft",mbarcroftns@cornell.edu,2000,48336,1579619989000
6781638,"Wayne","Nuzzetti",wnuzzettint@drupal.org,4000,44267,1597998358000
6848147,"Elspeth","Stokes",estokesnu@globo.com,3000,43687,1609130221000
6463830,"Nelly","Styan",nstyannv@fda.gov,2000,43442,1602613536000
6362233,"Hillary","Vassano",hvassanonw@ucla.edu,3000,42769,1605201845000
6049306,"Susi","Dawnay",sdawnaynx@cafepress.com,7000,42876,1579578814000
6425091,"Paola","Leversha",plevershany@51.la,2000,40905,1599632056000
6980748,"Laurianne","Bowld",lbowldnz@multiply.com,2000,48699,1588063196000
6670662,"Rhys","Tuckerman",rtuckermano0@csmonitor.com,2000,47651,1604294189000
6593774,"Benito","Gratland",bgratlando1@auda.org.au,3000,48976,1594057704000
6371413,"Reina","Bilton",rbiltono2@narod.ru,5000,44317,1579153716000
6240106,"Phillie","Somner",psomnero3@mediafire.com,4000,42746,1590299299000
6481388,"Fonz","Lawee",flaweeo4@soup.io,7000,41965,1594912204000
6381528,"Gabrielle","Molineaux",gmolineauxo5@amazon.co.uk,4000,47468,1599289142000
6552882,"Cody","Chat",cchato6@photobucket.com,5000,44290,1583385033000
6283193,"Deny","Kissock",dkissocko7@imdb.com,0800,43576,1597894846000
6514297,"Leighton","Cerro",lcerroo8@go.com,7000,49518,1599811589000
6281951,"Lynn","Rulf",lrulfo9@twitpic.com,3000,45778,1593917976000
6927017,"Torey","Kofax",tkofaxoa@yahoo.com,5000,41115,1597168695000
6874982,"Harlan","Kleisel",hkleiselob@mayoclinic.com,3000,48970,1581832752000
6661789,"Randy","McWhorter",rmcwhorteroc@statcounter.com,2000,46387,1608665657000
6560197,"Cristina","Storrie",cstorrieod@elpais.com,0800,44657,1581700705000
6027317,"Gabriel","Hairyes",ghairyesoe@elegantthemes.com,3000,43289,1578832675000
6508850,"Katrina","Beckenham",kbeckenhamof@wikimedia.org,2600,41738,1590637409000
6248424,"Renato","Nardi",rnardiog@1und1.de,5000,42768,1594501911000
6831513,"Judah","McAlpine",jmcalpineoh@ifeng.com,3000,42775,1593460030000
6336515,"Gun","Cutress",gcutressoi@dmoz.org,7000,49218,1582659725000
6985241,"Nesta","Cassey",ncasseyoj@cargocollective.com,2000,43283,1607313051000
6440649,"Wiley","Bissill",wbissillok@weather.com,4000,49424,1585552420000
6975705,"Hillery","Fawdry",hfawdryol@cpanel.net,0800,41037,1588311775000
6591310,"Nels","Stack",nstackom@paginegialle.it,3000,40521,1583407758000
6181484,"Austin","Smewin",asmewinon@springer.com,5000,41484,1607137422000
6006838,"Bonnie","O'Meara",bomearaoo@shop-pro.jp,2000,45554,1594451093000
6559378,"Porter","Yallowley",pyallowleyop@fc2.com,3000,44491,1580181962000
6788422,"Kevon","Culver",kculveroq@pbs.org,2600,46785,1590066939000
6366514,"Ida","Arnke",iarnkeor@npr.org,3000,45272,1599124724000
6951689,"Cameron","de Guerre",cdeguerreos@tmall.com,6000,47938,1600891462000
6500270,"Sasha","Helsby",shelsbyot@hc360.com,2000,47130,1608352244000
6066012,"Skell","St. Clair",sstclairou@booking.com,7000,48285,1584278521000
6929554,"Mia","Teall",mteallov@sitemeter.com,2000,48990,1591804014000
6676230,"Mycah","Greenroad",mgreenroadow@salon.com,2600,48264,1606891354000
6710949,"Bethena","Cuerda",bcuerdaox@google.it,6000,47558,1608378149000
6042883,"Audre","Hymor",ahymoroy@godaddy.com,2000,40330,1602871683000
6580544,"Nelie","Baines",nbainesoz@nbcnews.com,6000,43982,1582583345000
6657057,"Henrieta","Broadway",hbroadwayp0@barnesandnoble.com,3000,49351,1597853512000
6055870,"Margette","Mountlow",mmountlowp1@nifty.com,2000,46810,1595154560000
6020097,"Garvey","Fealty",gfealtyp2@forbes.com,6000,42123,1594000544000
6223547,"Alejandro","Readshall",areadshallp3@ucla.edu,6000,48899,1590913624000
6550308,"Roi","Cranston",rcranstonp4@linkedin.com,0800,40223,1603799947000
6423136,"Robbie","Jelkes",rjelkesp5@archive.org,3000,47305,1597353509000
6894923,"Chiquita","Friberg",cfribergp6@scientificamerican.com,3000,45383,1590840420000
6339641,"Dall","Glison",dglisonp7@yelp.com,2600,45335,1583405750000
6724879,"Lenee","Boschmann",lboschmannp8@prweb.com,3000,47530,1606647398000
6589800,"Teddy","Owen",towenp9@telegraph.co.uk,2600,47874,1600112490000
6501141,"Mikaela","Broschke",mbroschkepa@tinypic.com,2600,41922,1603777019000
6009797,"Jaymie","Yoell",jyoellpb@sogou.com,4000,47023,1581589983000
6911625,"Wilburt","Tallman",wtallmanpc@ask.com,2000,49053,1587943239000
6494323,"Georgiana","Otham",gothampd@weebly.com,5000,48961,1588554254000
6710309,"Farand","Kitlee",fkitleepe@hibu.com,2000,46314,1589299722000
6679860,"Bail","Grzesiewicz",bgrzesiewiczpf@topsy.com,2000,43553,1595414844000
6203214,"Jeffy","Hadland",jhadlandpg@unblog.fr,4000,48774,1598304060000
6166653,"Daniele","Robben",drobbenph@prnewswire.com,5000,40390,1598185581000
6925024,"Keane","Tibald",ktibaldpi@ibm.com,6000,48591,1594845539000
6878877,"Randie","Ginnety",rginnetypj@privacy.gov.au,3000,42821,1587482508000
6191776,"Iseabal","Conklin",iconklinpk@shop-pro.jp,3000,45539,1591024226000
6471690,"Sholom","Daft",sdaftpl@godaddy.com,2600,40322,1581878069000
6045895,"Lindy","Scorey",lscoreypm@spotify.com,6000,46724,1594026664000
6259832,"Thorvald","Vannoni",tvannonipn@si.edu,3000,44754,1608301892000
6735575,"Clotilda","Greene",cgreenepo@berkeley.edu,4000,44381,1599101526000
6892891,"Lynnea","Tancock",ltancockpp@surveymonkey.com,6000,44309,1607771756000
6796525,"Chicky","Pembridge",cpembridgepq@comsenz.com,3000,45596,1602174372000
6775155,"Gillan","Glowacz",gglowaczpr@hatena.ne.jp,7000,43401,1591997769000
6497357,"Gabriela","Gowdy",ggowdyps@goo.gl,3000,46126,1594953680000
6453548,"Meredith","Garrod",mgarrodpt@shutterfly.com,4000,47446,1605400439000
6528451,"Cosme","Sowray",csowraypu@va.gov,4000,45182,1592247431000
6102793,"Sandye","Friedank",sfriedankpv@google.ru,4000,46098,1590110919000
6375649,"Codi","Newlyn",cnewlynpw@sciencedirect.com,0800,42612,1579153713000
6217752,"Dehlia","Biagi",dbiagipx@phpbb.com,3000,42179,1590903053000
6838996,"Kore","Gowler",kgowlerpy@addthis.com,5000,47633,1609347147000
6375049,"Dominica","Deyes",ddeyespz@privacy.gov.au,2000,47406,1608929891000
6825554,"Colby","McMorran",cmcmorranq0@webnode.com,3000,44041,1607307503000
6739640,"Jerome","Camps",jcampsq1@ebay.com,0800,41380,1606250522000
6527323,"Marge","Edney",medneyq2@theatlantic.com,2000,48521,1606537853000
6333393,"Theobald","Sculley",tsculleyq3@booking.com,7000,45530,1599528902000
6824946,"Dallis","Dicke",ddickeq4@marriott.com,2000,43810,1596317408000
6949751,"Novelia","Stanbridge",nstanbridgeq5@chicagotribune.com,2000,41384,1596537260000
6016327,"Bret","Muat",bmuatq6@ehow.com,2000,47026,1594986819000
6883981,"Adolf","Fay",afayq7@elegantthemes.com,7000,41754,1588214888000
6548559,"Mala","Lothlorien",mlothlorienq8@ning.com,3000,43213,1582240188000
6147715,"Bradley","Callway",bcallwayq9@hud.gov,4000,45789,1599520003000
6842633,"Kimble","Andree",kandreeqa@springer.com,3000,45517,1588413290000
6866131,"Enrichetta","Runchman",erunchmanqb@sourceforge.net,2600,41657,1600107549000
6062083,"Brendis","Shorland",bshorlandqc@angelfire.com,7000,40317,1587881124000
6283949,"Stella","Powling",spowlingqd@shutterfly.com,7000,40474,1586610870000
6770043,"Bess","Widdowes",bwiddowesqe@lulu.com,3000,48014,1579295996000
6753664,"Merry","Corstan",mcorstanqf@businesswire.com,3000,45400,1578797931000
6108435,"Jamill","Ulster",julsterqg@bbc.co.uk,4000,44207,1578865870000
6168196,"Hamnet","Bentote",hbentoteqh@blogger.com,3000,45199,1584807334000
6191644,"Patton","Dagnan",pdagnanqi@amazon.com,2000,48402,1589006339000
6903199,"Carena","Rosenwasser",crosenwasserqj@arizona.edu,3000,47232,1589156422000
6996982,"Robby","O'Duggan",rodugganqk@un.org,2000,40492,1596820863000
6106223,"Stella","Pluvier",spluvierql@slashdot.org,4000,45884,1605714600000
6582243,"Maryl","Clyma",mclymaqm@craigslist.org,2600,49043,1578459099000
6762403,"Eleonora","Streeten",estreetenqn@webeden.co.uk,2000,41346,1597946149000
6526101,"Adham","Headings",aheadingsqo@whitehouse.gov,3000,43350,1608919016000
6450265,"Davine","Goch",dgochqp@theguardian.com,3000,46693,1583178588000
6997927,"Dolores","Smy",dsmyqq@taobao.com,2000,42158,1594773707000
6825667,"Dita","Pietrzyk",dpietrzykqr@noaa.gov,4000,47891,1586329728000
6370187,"Joletta","Honywill",jhonywillqs@pen.io,4000,42693,1585639607000
6746433,"Dorette","Riggeard",driggeardqt@vkontakte.ru,2000,43118,1587235877000
6861807,"Kellyann","Crosher",kcrosherqu@cbslocal.com,4000,49717,1603977064000
6018550,"Ariel","Gooke",agookeqv@angelfire.com,4000,46329,1605340440000
6977906,"Lewiss","Covet",lcovetqw@narod.ru,4000,45869,1594220401000
6664564,"Nedda","Hallyburton",nhallyburtonqx@odnoklassniki.ru,3000,42326,1600864007000
6667310,"Noami","Langabeer",nlangabeerqy@spiegel.de,4000,48681,1603355970000
6954964,"Gloriana","Beurich",gbeurichqz@house.gov,4000,46918,1583011043000
6658595,"Merill","Nicklin",mnicklinr0@shareasale.com,4000,48771,1604131586000
6225926,"Yardley","Reditt",yredittr1@moonfruit.com,3000,46059,1588162512000
6295775,"Vladamir","Ambrose",vambroser2@tiny.cc,6000,48723,1591697400000
6432869,"Filia","Grundell",fgrundellr3@comcast.net,4000,40443,1592414211000
6104230,"Camala","Roach",croachr4@about.me,0800,43329,1581717452000
6207225,"Ally","Adderley",aadderleyr5@cnn.com,5000,42612,1597328112000
6246849,"Bret","Evason",bevasonr6@zimbio.com,2000,43436,1601713723000
6506370,"Lenka","Gillanders",lgillandersr7@walmart.com,4000,44752,1581159658000
6855919,"Wilbert","Bartholomieu",wbartholomieur8@ihg.com,3000,49056,1597181760000
6584748,"Dyanne","Merryweather",dmerryweatherr9@blogspot.com,0800,43795,1588734034000
6101767,"Felicia","Megarry",fmegarryra@multiply.com,2000,40156,1579100301000
6950669,"Bucky","Brosi",bbrosirb@homestead.com,2000,40820,1585486926000
6285220,"Jamie","Alker",jalkerrc@telegraph.co.uk,2000,43045,1607238053000
6488307,"Ephrayim","Jacobovitz",ejacobovitzrd@si.edu,3000,49347,1585135307000
6505751,"Naomi","Shere",nsherere@e-recht24.de,6000,45360,1588757747000
6615441,"Meghan","Brewitt",mbrewittrf@simplemachines.org,3000,45816,1584672520000
6413670,"Cathi","Lavin",clavinrg@studiopress.com,3000,49147,1580508243000
6307552,"Lona","Crosby",lcrosbyrh@wunderground.com,0800,47483,1605013248000
6245424,"Horace","Farnaby",hfarnabyri@redcross.org,4000,45252,1583821555000
6775004,"Catarina","Yeulet",cyeuletrj@quantcast.com,6000,49315,1602431539000
6561894,"Rozella","Bebb",rbebbrk@upenn.edu,3000,43430,1583295178000
6424427,"Ivor","Venning",ivenningrl@hexun.com,3000,49531,1592246760000
6300410,"Adora","Pharrow",apharrowrm@xrea.com,2000,45606,1591158471000
6483631,"Imelda","Drinkel",idrinkelrn@squidoo.com,3000,49520,1608167182000
6854859,"Saudra","Corroyer",scorroyerro@canalblog.com,2000,46878,1582657782000
6295676,"Scarface","Brack",sbrackrp@fastcompany.com,2000,41764,1597781500000
6041907,"Harriet","Tokley",htokleyrq@google.nl,4000,44492,1606140663000
6932391,"Pru","Pedroni",ppedronirr@europa.eu,2600,40809,1601665672000
